{
	"training_data": "../../datasets/",
  	"output": "../../output/results/",
  	"dataset_division": "721_5fold",

  	"embedding_module": "AliNet",
  	"alignment_module": "mapping",
	"search_module": "greedy",
	  
    "layer_dims": [500, 400, 300],
  	"init": "xavier",
	"ent_l2_norm": true,
	"rel_l2_norm": true,
	  
	"learning_rate": 0.001,
    "optimizer": "Adam",
	"max_epoch": 2000,
	"batch_size": 3000,

  	"neg_margin": 1.5,
    "neg_margin_balance": 0.1,
	"dropout": 0.0,

  	"neg_sampling": "truncated",
	"neg_triple_num": 10,
	"truncated_epsilon": 0.98,
	"truncated_freq": 10,

	"batch_threads_num": 2,
	"test_threads_num": 4,

	"ordered": true,
	"start_valid": 10,
	"eval_freq": 10,
	"stop_metric": "hits1",
	"eval_metric": "inner",
	"csls": 10,
	"top_k": [1, 5, 10, 50],
	"is_save": false,
	"eval_norm": false,

	"min_rel_win": 50,
	"start_augment": 2,
	"rel_param": 0.01,
	"num_features_nonzero": 0,
	"sim_th": 0.0,
	"k": 20,
	"p": 1
}