{
	"training_data": "../../datasets/",
  	"output": "../../output/results/",
  	"dataset_division": "721_5fold",

  	"embedding_module": "GMNN",
  	"alignment_module": "mapping",
	"search_module": "greedy",


	"learning_rate": 0.01,
	"max_epoch": 200,
	"batch_size": 20,

	"batch_threads_num": 2,
	"test_threads_num": 3,

	"ordered": true,
	"start_valid": 15,
	"eval_freq": 2,
	"stop_metric": "hits1",
	"eval_metric": "manhattan",
	"csls": 10,
	"top_k": [1, 5, 10, 50],
	"is_save": true,
	"eval_norm": false,

    "early_stop": false,
    "dropout": 0,

    "unknown_word": "**UNK**",
    "deal_unknown_words": true,
    "pretrained_word_embedding_dim": 100,
    "num_layers": 1,
    "sample_size_per_layer": 1,
    "hidden_layer_dim": 100,
    "feature_max_len": 1,
    "feature_encode_type": "uni",
    "graph_encode_direction": "bi",
    "concat": true,
    "encoder": "gated_gcn",
    "lstm_in_gcn": "none",
    "aggregator_dim_first": 100,
    "aggregator_dim_second": 100,
    "gcn_window_size_first": 1,
    "gcn_window_size_second": 2,
    "gcn_layer_size_first": 1,
    "gcn_layer_size_second": 1,
    "with_match_highway": false,
    "with_gcn_highway": false,
    "if_use_multiple_gcn_1_state": false,
    "if_use_multiple_gcn_2_state": false,
    "agg_sim_method": "GCN",
    "gcn_type_first": "mean_pooling",
    "gcn_type_second": "mean_pooling",
    "cosine_MP_dim": 10,
    "pred_method": "graph_level",
    "cand_size": 100,

    "weight_decay": 0.00,
    "use_pretrained_embedding": false,
    "embedding_path": "../../../Crosslingula-KG-Matching-master/DBP15K/DBP15K/sub.glove.300d",
    "word_embedding_dim": 100,
    "l2_lambda": 0.000001,
    "encoder_hidden_dim": 200,
    "word_size_max": 1,
    "node_vec_method": "lstm",
    "pretrained_word_embedding_pat": "",
    "build_train_examples": true,
    "dev_batch_size" : 20

}