{
	"training_data": "../../datasets/",
  	"output": "../../output/results/",
  	"dataset_division": "721_5fold",

  	"embedding_module": "KDCoE",
  	"alignment_module": "mapping",
	"search_module": "greedy",
	  
    "dim": 100,
  	"init": "unit",
	"ent_l2_norm": true,
	"rel_l2_norm": true,
	"loss_norm": "L2",
	"margin": 1.5,

	"neg_sampling": "uniform",
	"neg_triple_num": 1,
	  
	"learning_rate": 0.01,
    "optimizer": "Adagrad",
	"max_epoch": 2000,
	"batch_size": 20000,

	"alpha": 5,
	"new_param": 0.1,

	"batch_threads_num": 3,
	"test_threads_num": 12,

	"ordered": true,
	"start_valid": 100,
	"eval_freq": 10,
	"stop_metric": "hits1",
	"eval_metric": "inner",
	"csls": 10,
	"top_k": [1, 5, 10, 50],
	"is_save": true,
	"eval_norm": true,

	"desc_batch_size": 4048,
	"wv_dim" : 300,
	"default_desc_length": 4,
	"word_embed": "../../datasets/wiki-news-300d-1M.vec",
	"desc_sim_th":0.95,
	"sim_th": 0.8,
	"max_iter": 5
}