{
	"training_data": "../../datasets/",
  	"output": "../../output/results/",
  	"dataset_division": "721_5fold",

  	"embedding_module": "MTransE",
  	"alignment_module": "mapping",
	"search_module": "greedy",
	  
    "dim": 100,
  	"init": "unit",
	"ent_l2_norm": true,
	"rel_l2_norm": true,
	"loss_norm": "L2",
	  
	"learning_rate": 0.01,
    "optimizer": "Adagrad",
	"max_epoch": 2000,
	"batch_size": 20000,

	"alpha": 5,

	"batch_threads_num": 3,
	"test_threads_num": 12,

	"ordered": true,
	"start_valid": 100,
	"eval_freq": 10,
	"stop_metric": "hits1",
	"eval_metric": "inner",
	"csls": 10,
	"top_k": [1, 5, 10, 50],
	"is_save": true,
	"eval_norm": true

}