{
	"training_data": "../../datasets/",
  	"output": "../../output/results/",
  	"dataset_division": "721_5fold",
	"word2vec_path": "../../datasets/wiki-news-300d-1M.vec",
	"word2vec_dim": 300,

  	"embedding_module": "MultiKE",
  	"alignment_module": "swapping",
	"search_module": "greedy",
	  
    "dim": 100,
  	"init": "xavier",
	"ent_l2_norm": true,
	"rel_l2_norm": true,
	"attr_l2_norm": true,
	"loss_norm": "L2",
  	"margin": 1.5,
	"loss": "margin-based",

	"encoder_epoch": 100,
  	"encoder_active": "thah",
  	"encoder_normalize": true,
  	"retrain_literal_embeds": true,
  	"literal_normalize": true,
	"literal_len": 5,

	"neg_triple_num": 10,
  	"neg_sampling": "normal",
  	"truncated_epsilon": 0.98,
  	"truncated_freq": 20,

	"learning_rate": 0.001,
    "optimizer": "SGD",
	"max_epoch": 2000,
	"shared_learning_max_epoch": 200,
	"batch_size": 5000,
  	"entity_batch_size": 5000,
  	"attribute_batch_size": 5000,

	"batch_threads_num": 2,
	"test_threads_num": 4,

	"ordered": true,
	"start_valid": 10,
	"eval_freq": 10,
	"stop_metric": "hits1",
	"eval_metric": "inner",
	"csls": 10,
	"top_k": [1, 5, 10, 50],
	"is_save": true,
	"eval_norm": true,
	"orthogonal_weight": 2,
	"cv_name_weight": 1,
  	"cv_weight": 1,

	"start_predicate_soft_alignment": 10,
  	"predicate_soft_sim": 0.80,
  	"predicate_init_sim": 0.90,
  	"relation_learning_rate": 0.005,
  	"ITC_learning_rate": 0.004
}