{
	"training_data": "../../datasets/DBPWY/DWY100K/",
  	"output": "../../output/DBPWY_results/",
  	"dataset_division": "0_3/",

  	"embedding_module": "RSN4EA",
  	"alignment_module": "mapping",
	"search_module": "greedy",
	  
    "dim": 100,
  	"init": "normal",
	"ent_l2_norm": true,
	"rel_l2_norm": true,

	"hidden_size": 100,
	"num_layers": 2,
	"num_samples": 10240,
	"keep_prob": 0.6,
	"max_length": 7,
	"alpha": 0.7,
	"beta": 0.7,

	"learning_rate": 0.0005,
    "optimizer": "Adagrad",
	"max_epoch": 30,
	"batch_size": 2048,

	"batch_threads_num": 3,
	"test_threads_num": 10,

	"ordered": true,
	"start_valid": 1,
	"eval_freq": 3,
	"stop_metric": "hits1",
	"eval_metric": "inner",
	"csls": 10,
	"top_k": [1, 5, 10, 50],
	"is_save": true,
	"eval_norm": false
}