{
	"training_data": "../../datasets/",
  	"output": "../../output/results/",
  	"dataset_division": "721_5fold",
  	"embedding_module": "SEA",
  	"alignment_module": "mapping",
	"search_module": "greedy",

    "dim": 75,
  	"init": "normal",
	"ent_l2_norm": true,
	"rel_l2_norm": true,
	"loss_norm": "L2",
  	"margin": 1.5,
	"loss": "margin-based",
	"alpha_1": 2.5,
	"alpha_2": 0.25,

    "neg_sampling": "uniform",
	"neg_triple_num": 1,

	"learning_rate": 10,
    "optimizer": "Adam",
	"max_epoch": 2000,
	"batch_size": 5000,

	"batch_threads_num": 2,
	"test_threads_num": 4,

	"ordered": true,
	"start_valid": 10,
	"eval_freq": 10,
	"stop_metric": "hits1",
	"eval_metric": "inner",
	"csls": 10,
	"top_k": [1, 5, 10, 50],
	"is_save": true,
	"eval_norm": true,
	"p": 1
}