{
	"training_data": "../../datasets/",
  	"output": "../../output/results/",
  	"dataset_division": "721_5fold",

  	"embedding_module": "VRGCN",
  	"alignment_module": "mapping",
	"search_module": "greedy",
	  
    "dim": 300,
  	"init": "xavier",
	"ent_l2_norm": true,
	"rel_l2_norm": true,
	  
	"learning_rate": 0.005,
    "optimizer": "Adam",
	"max_epoch": 2000,
	"batch_size": 3000,

  	"neg_margin": 9,
    "neg_margin_balance": 0.1,
	"dropout": 0.0,

  	"neg_sampling": "truncated",
	"neg_triple_num": 20,
	"truncated_epsilon": 0.98,
	"truncated_freq": 10,

    "neg_rel_margin": 3,
    "neg_rel_margin_balance": 0.1,
    "neg_rel_num": 5,


	"batch_threads_num": 2,
	"test_threads_num": 4,

	"ordered": true,
	"start_valid": 1,
	"eval_freq": 10,
	"stop_metric": "hits1",
	"eval_metric": "manhattan",
	"csls": 10,
	"top_k": [1, 5, 10, 50],
	"is_save": false,
	"eval_norm": false,

	"rel_param": 0.1
}